{
  "aug1_repeat_times": 3,
  "aug2_repeat_times": 5,
  "batch_size": 256,
  "batch_size_infer": 1,
  "beam_width": 5,
  "bos_id": 1,
  "bos_token": "_bos_",
  "eos_id": 2,
  "eos_token": "_eos_",
  "init_op": "uniform",
  "init_weight": 0.1,
  "keep_prob": 0.9,
  "length_penalty_weight": 0.0,
  "log_device_placement": true,
  "max_gradient_norm": 5.0,
  "num_buckets": 5,
  "num_epochs": 10,
  "num_layers": 2,
  "num_units": 1024,
  "pass_hidden_state": true,
  "random_seed": 0.1,
  "source_reverse": true,
  "src_max_len": 50,
  "src_max_len_infer": null,
  "tgt_max_len": 50,
  "tgt_max_len_infer": 50,
  "time_major": true,
  "unk_token": "_unk_",
  "unk_id": 0
}